no_reg,battery_power,clock_speed,int_memory,m_dep,n_cores,wifi,px_height,touch_screen,px_width,ram
1,1757,0.5,49,,6,NO,265,N,713,2056
2,1866,1.4,30,,3,NO,108,N,1781,3834
3,617,2.3,32,,7,NO,768,N,874,2213
4,1356,2.8,29,,6,NO,1612,N,1983,3702
5,1049,2.2,63,,5,NO,199,N,1077,1022
6,1488,0.5,39,,5,NO,1528,N,1647,3054
7,1210,0.5,63,,5,NO,1177,N,1462,2394
8,1707,1.4,41,,7,NO,1331,N,1388,1774
9,809,0.8,21,,7,NO,1453,N,1726,1274
10,1007,2,45,,5,NO,1186,N,1529,3648
11,1178,1.3,49,,5,NO,579,N,596,2511
12,601,2.1,26,,4,NO,509,N,548,918
13,1949,1.8,20,,5,NO,518,N,592,1125
14,1832,0.7,2,,7,NO,186,N,654,2978
15,1269,1.3,52,,2,NO,1597,N,1920,665
16,612,0.7,35,,5,NO,1294,N,1337,3169
17,1719,2,12,,8,NO,240,N,904,462
18,600,0.5,14,,5,NO,320,N,747,1655
19,1315,2.6,64,,7,NO,59,N,575,3278
20,1945,1.6,21,,3,NO,280,N,895,3015
21,1438,1.8,16,,8,NO,859,N,867,2246
22,1878,0.5,29,,8,NO,210,N,1026,1334
23,642,2.8,34,,2,NO,331,N,1011,3355
24,1829,1.7,36,,5,NO,291,N,563,1475
25,1062,1.5,45,,3,NO,798,N,1435,911
26,874,1.3,8,,1,NO,442,N,1248,582
27,1991,1.8,9,,3,NO,751,N,1377,1511
28,1444,2.1,38,,7,NO,624,N,917,3764
29,1008,2.5,36,,1,NO,825,N,1972,1083
30,1371,0.5,52,,4,NO,471,N,663,3034
31,1949,1.4,57,,7,NO,951,N,1178,356
32,1076,2.5,14,,5,NO,545,N,1300,2043
33,1542,2.3,43,,2,NO,346,N,966,3601
34,1250,1.4,44,,7,NO,703,N,1011,1882
35,627,1.8,20,,3,NO,211,N,507,896
36,1820,1.4,51,,7,NO,202,N,1884,2481
37,875,0.7,23,,7,NO,300,N,1316,756
38,1702,1,36,,5,NO,1240,N,1931,1430
39,1159,1.5,36,,4,NO,717,N,1206,2115
40,1423,0.6,44,,5,NO,501,N,640,2253
41,541,2.3,51,,8,NO,1012,N,1226,403
42,1550,2.7,32,,7,NO,1541,N,1619,1571
43,1237,2.5,13,,4,NO,18,N,1004,2528
44,1617,2.6,29,,6,NO,283,N,676,3685
45,1883,1.6,24,,1,NO,203,N,915,3563
46,1562,0.7,55,,8,NO,1032,N,1776,2096
47,826,0.6,62,,4,NO,778,N,1615,1998
48,535,1.9,24,,8,NO,398,N,1775,524
49,1673,1.6,42,,5,NO,214,N,679,3094
50,722,1.1,12,,6,NO,138,N,1371,2359
51,683,2.1,30,,7,NO,927,N,1135,2066
52,1872,1.9,35,,3,NO,1546,N,1879,2419
53,1063,2,27,,6,NO,201,N,582,2668
54,586,2.8,15,,3,NO,241,N,854,2592
55,842,2.2,7,,2,YES,20,N,756,2549
56,1412,2.4,25,,8,YES,516,N,1894,837
57,1659,2.8,16,,1,YES,819,N,902,3255
58,1213,0.5,16,,5,YES,226,N,1248,2700
59,685,0.5,29,,7,YES,433,N,648,728
60,1265,1.5,49,,5,YES,690,N,836,1362
61,823,0.5,39,,8,YES,630,N,888,294
62,1530,2,42,,6,YES,454,N,1975,725
63,618,2.1,6,,1,YES,1314,N,1688,1051
64,1058,1.5,19,,4,YES,493,N,1247,418
65,902,0.7,3,,7,YES,675,N,1285,3411
66,1968,0.9,22,,3,YES,861,N,1259,2323
67,1615,0.5,15,,4,,622,N,1256,3488
68,581,2.2,59,,5,,803,N,1613,2819
69,1606,1.4,57,,4,,1127,N,1924,3454
70,1168,1.3,61,,8,YES,159,N,1578,3173
71,1271,0.5,32,,7,YES,1350,N,1949,445
72,934,1.1,24,,5,YES,1111,N,1463,1017
73,1263,0.5,64,,5,YES,178,N,1883,1183
74,1430,0.9,56,,3,YES,569,N,906,752
75,920,0.5,46,,3,YES,1058,N,1421,2608
76,781,1.1,38,,5,YES,304,N,1674,3508
77,1310,1.4,33,,1,YES,806,N,1016,1301
78,696,0.5,51,,3,YES,649,N,907,2630
79,503,2.5,57,,6,YES,778,N,1291,305
80,1512,0.5,52,,1,YES,333,N,952,3002
81,1722,1,25,,6,YES,1179,N,1638,2376
82,854,0.5,30,,8,YES,518,N,1152,2889
83,1800,3,,,1,YES,191,N,1108,656
84,1584,1.3,,,4,YES,160,N,1291,1561
85,1910,1.7,,,2,YES,985,N,1284,309
86,1270,2.3,,,5,YES,1512,N,1716,3299
87,683,0.7,19,,4,YES,954,N,1985,2622
88,1000,0.5,63,,8,YES,1537,N,1761,3744
89,1414,2.6,27,,4,YES,804,N,1564,312
90,1930,2,16,,8,YES,1901,N,1920,1783
91,1215,1,16,,4,YES,454,N,1473,2632
92,1240,1.6,39,,2,YES,1511,N,1756,3260
93,1053,2.9,42,,6,YES,419,N,1261,1339
94,769,1.2,17,,8,YES,1384,N,1454,1877
95,1766,1.3,29,,8,YES,439,N,1306,2316
96,1447,0.5,40,,2,YES,963,N,1062,471
97,1404,2.1,44,,1,YES,1703,N,1880,1196
98,1412,0.6,57,,3,YES,2,N,660,1853
99,1179,0.8,5,,5,YES,913,N,1429,543
100,865,2.9,16,,4,YES,335,N,1009,3494
101,1307,1.8,7,,7,YES,897,N,1103,1412
102,1670,3,62,,8,YES,1117,N,1330,3024
103,1945,1.2,26,,6,,1064,N,1540,3322
104,1083,2,41,,5,,937,N,1164,1543
105,1783,0.5,14,,8,YES,910,N,1566,1816
106,869,1.9,2,,7,YES,519,N,533,3249
107,508,1.3,50,,5,YES,102,N,1195,2175
108,1936,1.3,44,,3,YES,570,N,1021,1400
109,579,2.5,7,,8,YES,808,N,1517,2908
110,1052,0.9,6,,4,YES,1191,N,1839,552
111,868,0.9,5,,4,YES,40,N,1311,1519
112,1837,0.5,36,,4,YES,786,N,872,770
113,1361,1.4,47,,5,YES,881,N,1382,2495
114,1396,0.6,37,,4,YES,560,N,1177,2694
115,1522,2.2,21,,6,YES,533,N,1696,3767
116,1454,2.6,6,,3,YES,698,N,1018,1300
117,769,2.9,9,,5,NO,248,N,874,3946
118,596,2.1,64,,8,NO,885,N,1854,3238
119,657,2.5,37,,2,NO,476,S,961,1412
120,1551,1.1,51,,5,NO,1738,S,1995,3844
121,767,1.5,28,,4,NO,344,S,1517,527
122,1595,2.6,12,,8,NO,344,S,655,3608
123,916,2.6,36,,4,NO,188,S,992,1470
124,1036,2.4,39,,7,NO,373,S,926,2101
125,1860,2.3,23,,4,NO,1362,S,1506,3918
126,912,2,54,,8,NO,329,S,1053,2330
127,1469,2.1,8,,7,NO,398,S,1133,1052
128,710,0.5,32,,5,NO,485,S,857,1419
129,1486,2.6,52,,4,NO,1430,S,1747,297
130,1717,1.3,62,,1,NO,609,S,810,3226
131,817,1.3,11,,3,NO,722,S,766,2039
132,771,0.5,25,,4,NO,327,S,922,770
133,915,1.1,56,,8,NO,532,S,1448,905
134,911,2.9,46,,5,NO,461,S,670,363
135,972,1.3,44,,7,NO,297,S,589,3925
136,825,1.5,38,,3,NO,540,S,783,716
137,1550,2.5,21,,2,NO,268,S,832,2338
138,1428,1.6,7,,4,NO,584,S,983,1808
139,1597,2.3,34,,1,,64,S,1667,934
140,686,0.5,3,,6,,1109,S,1392,570
141,950,0.5,55,,5,NO,774,S,843,1095
142,1122,2.8,28,,3,NO,1578,S,1963,1402
143,531,1.1,63,,7,NO,145,S,1903,2958
144,1043,0.5,42,,3,NO,716,S,1626,912
145,530,2.6,40,,6,NO,818,S,1090,1229
146,1018,2.2,16,,8,NO,992,S,1433,3143
147,618,0.6,16,,1,NO,1105,S,1602,2262
148,1413,1.7,10,,6,NO,314,S,1606,2867
149,530,2.4,32,,6,NO,48,S,1012,959
150,1874,0.6,19,,2,NO,1238,S,1418,1218
151,808,1.9,20,,,NO,496,S,974,1471
152,796,0.5,12,,,NO,174,S,518,1075
153,771,2.9,62,,,NO,1709,S,1781,1628
154,1805,0.5,29,,,NO,758,S,891,1276
155,688,2.5,40,,,NO,376,S,1957,1382
156,602,0.9,50,,,NO,1571,S,1717,2189
157,510,2.6,33,,,NO,1052,S,1897,1693
158,1015,0.8,12,,,NO,335,S,679,2293
159,1070,3,19,,,NO,90,S,1614,2647
160,1211,1.2,28,,,,58,S,963,2750
161,999,1.7,49,,,,608,S,1970,1598
162,1880,2,35,,,NO,930,S,1983,1930
163,1830,0.5,7,,,NO,460,S,1583,2334
164,1807,2.9,16,,,NO,1221,S,1415,2921
165,628,1.8,60,,,NO,1047,S,1534,1337
166,1786,1.2,61,,,NO,74,S,865,3033
167,1189,1.9,7,,,NO,79,S,615,841
168,1142,1.2,2,,,NO,623,S,769,1747
169,1367,2.9,56,,,NO,36,S,642,299
170,1405,1.7,8,,,NO,284,S,1036,2376
171,1784,1.6,41,,,NO,610,S,1437,2313
172,682,0.5,19,,,YES,902,S,1064,2337
173,1514,2.9,27,,,YES,186,S,1810,1152
174,1101,1.8,31,,,YES,387,S,1269,2196
175,1216,3,47,,,YES,1852,S,1967,2268
176,1082,0.8,38,,,YES,986,S,1191,2337
177,1689,1.8,24,,,YES,954,S,1200,2766
178,1995,0.5,26,,,YES,649,S,1104,1322
179,662,0.5,20,,,YES,1001,S,1224,2125
180,1604,1.7,33,,,YES,134,S,939,916
181,1108,2.9,52,,,YES,130,S,1706,3264
182,560,0.5,23,,,YES,356,S,1903,2360
183,1681,2.5,11,,,YES,195,S,1205,1122
184,1846,0.6,19,,,YES,83,S,773,1333
185,723,1.9,30,,,YES,1467,S,1901,2339
186,1290,0.5,3,,,YES,600,S,1109,1214
187,1362,0.5,25,,,YES,553,S,1505,995
188,1156,0.5,61,,,YES,1214,S,1262,1796
189,1807,2.1,49,,,YES,337,S,1384,1906
190,554,1.3,12,,,YES,85,S,806,3764
191,967,1.6,25,,,YES,243,S,1642,3076
192,807,0.5,8,,,YES,667,S,697,1284
193,805,0.7,64,,,YES,641,S,704,418
194,833,2.2,27,,,YES,359,S,1395,2150
195,1918,2.8,22,,,YES,381,S,1203,1369
196,1132,1,8,,,YES,1091,S,1293,1950
197,1005,0.5,46,,,YES,176,S,1556,3884
198,1027,2.2,63,,,YES,152,S,714,1732
199,1359,0.6,59,,,YES,1692,S,1902,3142
200,1777,3,20,,,YES,511,S,616,3868
201,1696,1.7,13,,,YES,179,S,772,523
202,576,1.2,30,,,YES,847,S,893,2800
203,1960,2.1,7,,,YES,868,S,877,3773
204,1659,2.5,41,,,YES,787,S,1515,545
205,1827,0.8,61,,,YES,253,S,1764,2693
206,808,2.3,45,,,YES,526,S,1324,3431
207,1732,0.8,61,,,YES,201,S,656,3940
208,1039,2.7,56,,,YES,497,S,618,3105
209,582,0.5,32,,,YES,1043,S,1702,2977
210,740,1.8,12,,,YES,935,S,1147,1105
211,1602,0.6,58,,,YES,1259,S,1746,3622
212,912,0.7,47,,,YES,724,S,794,1321
213,714,0.5,30,,,YES,643,S,1527,2302
214,1581,1,41,,,YES,693,S,850,1384
215,1450,2.1,31,,,YES,1573,S,1639,794
216,1342,2.8,50,,,YES,127,S,620,2644
217,1776,2.2,20,,,YES,1563,S,1803,2671
218,513,1.9,27,,,YES,282,S,710,3400
219,1362,2.9,47,,,YES,600,S,1042,3629
220,1751,2.5,4,,,YES,1499,S,1952,1155
221,1174,0.9,30,,,YES,744,S,1244,804
222,765,2.5,44,,,YES,1364,S,1851,2256
223,1492,1.5,11,,,YES,1684,S,1746,2259
224,594,2.6,27,,,YES,407,S,528,708
225,1685,0.6,16,,,YES,120,S,1429,881
226,1571,2.9,30,,,YES,805,S,956,586
227,1205,2.7,10,,,YES,321,S,1870,953
228,1035,2.7,40,,,YES,757,S,1912,3548
229,748,1.4,25,,,YES,88,S,709,1974
230,1547,2.9,57,,,YES,347,S,957,1620
231,1760,1.4,63,,,NO,1382,S,1383,2053
232,615,2.5,10,,,NO,1216,N,1786,2769
233,1445,0.5,53,,,NO,386,N,836,1099
234,1815,2.8,33,,,NO,607,N,748,1482
235,1709,2.1,13,,,NO,974,N,1385,3283
236,644,2.7,22,,,NO,311,N,881,1262
237,1008,0.8,61,,,NO,1077,N,1122,2009
238,593,0.5,31,,,NO,1233,N,1317,1692
239,543,0.5,57,,,NO,391,N,984,
240,1657,2.4,42,,,NO,1770,N,1796,
241,909,1.4,53,,,NO,635,N,973,3187
242,1778,0.5,15,,,NO,1445,N,1954,1214
243,1165,2.4,41,,,NO,564,N,831,764
244,1472,2.3,61,,,NO,710,N,1052,2677
245,1126,0.7,49,,,NO,114,N,1726,3739
246,1712,1.4,63,,,NO,747,N,1126,3652
247,954,0.5,50,,,NO,228,N,1058,438
248,777,2.6,30,,,NO,189,N,1143,3886
249,1853,1,23,,,NO,202,N,1951,2775
250,1663,0.5,40,,,NO,951,N,1545,1336
251,1175,0.6,25,,,NO,137,N,1501,3153
252,1645,1.8,21,,,NO,897,N,1308,783
253,568,2,36,,,NO,181,N,1703,950
254,600,0.5,48,,,NO,501,N,1465,3393
255,1108,1,49,,,NO,1298,N,1666,3254
256,1741,1.8,14,,,NO,730,N,1895,3387
257,1149,2.2,30,,,NO,1617,N,1675,3755
258,1204,2.6,10,,,NO,480,N,1482,1724
259,880,1.7,6,,,NO,632,N,660,3006
260,1986,0.5,51,,,NO,342,N,774,3165
261,1578,2.9,3,,,NO,342,N,670,3483
262,1372,2.7,34,,,NO,687,N,937,725
263,868,1.7,30,,,NO,276,N,1026,1653
264,816,0.5,14,,,NO,149,N,558,1018
265,965,0.5,53,,,NO,297,N,653,3227
266,1881,2.2,51,,,NO,477,N,1553,1229
267,1694,1.8,53,,,NO,1194,N,1208,1653
268,1632,1.4,41,,,NO,706,N,1623,2614
269,1057,2.1,5,,,NO,416,N,1055,3705
270,1408,2.5,32,,,NO,875,N,982,3162
271,1330,1.1,37,,,NO,1103,N,1637,2166
272,1245,0.6,30,,,NO,330,N,1434,2676
273,1747,0.5,13,,,NO,800,N,873,3105
274,1097,1.4,60,,,NO,405,N,519,509
275,871,0.6,52,,,NO,194,N,1437,437
276,1429,0.6,42,,,NO,670,N,1552,1817
277,1071,2.6,49,,,NO,1328,N,1970,3393
278,1163,1.9,2,,,NO,919,N,1076,1568
279,1242,2.4,28,,,NO,315,N,1796,318
280,1689,0.5,9,,,NO,467,N,675,2637
281,742,2.3,21,,,NO,875,N,925,
282,1762,0.7,60,,,NO,643,N,790,1380
283,1335,3,60,,,NO,83,N,559,3615
284,1994,0.7,5,,,NO,86,N,1546,1836
285,1325,1.9,50,,,NO,499,N,695,2328
286,1273,0.7,23,,,NO,485,N,1399,558
287,1765,1.1,11,,,NO,835,N,1175,3695
288,1851,2.9,53,,,NO,174,N,1175,2678
289,1862,1.5,62,,,NO,386,N,1046,1017
290,1358,1.7,60,,,NO,889,N,1635,440
291,925,2.1,56,,,NO,1262,N,1520,2466
292,1786,2.6,14,,,NO,616,N,912,3038
293,1043,2.7,29,,,NO,887,N,893,1183
294,1220,2.8,54,,,NO,383,N,1249,1037
295,1193,2.3,20,,,NO,1442,N,1904,1958
296,965,1.4,13,,,NO,645,N,1275,2343
297,689,1.4,45,,,NO,256,N,823,3585
298,719,2.9,6,,,NO,405,N,1141,841
299,635,0.5,16,,,NO,599,N,1299,2452
300,803,2.1,17,,,YES,344,N,1440,2680
301,851,0.5,21,,,YES,1171,N,1263,478
302,1347,2.9,44,,,YES,434,N,967,2484
303,1193,0.9,26,,,YES,730,N,1729,536
304,1539,2.6,41,,,YES,1112,N,1666,2107
305,1133,1.4,42,,,YES,730,N,1543,1457
306,1330,0.5,38,,,YES,1290,N,1441,1733
307,957,2.5,7,,,YES,1201,N,1485,1846
308,1722,2.6,18,,,YES,865,N,1741,3271
309,1329,1,52,,,YES,1053,N,1458,1228
310,775,2.6,30,,,YES,561,N,1510,2523
311,1899,0.6,26,,,YES,96,N,814,336
312,1479,0.5,19,,,YES,180,N,1476,3323
313,685,2.7,17,,,YES,725,N,870,1223
314,1337,0.5,31,,,YES,48,N,644,2180
315,1872,2.3,44,,,YES,459,N,1259,1955
316,1217,0.5,17,,,YES,628,N,632,1711
317,1974,1,24,,,YES,250,N,545,861
318,557,1.6,24,,,YES,1131,N,1315,1305
319,1914,0.7,35,,,YES,942,N,1701,643
320,675,2.3,60,,,YES,192,N,757,1735
321,1348,1.3,43,,,YES,204,N,501,3914
322,1331,1.6,16,,,YES,1109,N,1226,1026
323,829,0.5,56,,,YES,91,N,1916,820
324,969,2.4,45,,,YES,491,N,589,404
325,787,0.5,11,,,YES,806,N,1423,2934
326,1907,2,55,,,YES,713,N,1513,286
327,1742,1.6,49,,,YES,1134,N,1469,1947
328,805,0.8,34,,,YES,1262,N,1538,3647
329,1331,0.5,55,,,YES,1162,N,1531,1732
330,1106,1.9,54,,,YES,614,N,1212,2674
331,1587,0.5,50,,,YES,299,N,874,461
332,1109,2.1,34,,,YES,165,N,1103,2821
333,1375,2.9,20,,,YES,596,N,679,3847
334,1972,1.6,48,,,YES,290,N,804,2872
335,1770,2.3,9,,,YES,1098,N,1373,3785
336,729,2,14,,,YES,563,N,1055,3397
337,1166,0.5,59,,,YES,437,N,638,3887
338,1676,1.6,37,,,YES,134,N,1197,2515
339,634,0.8,41,,,YES,1362,N,1853,3242
340,1641,1.1,48,,,YES,224,N,1994,1695
341,1619,0.9,20,,,YES,813,N,1180,464
342,1849,0.5,29,,,YES,978,N,1986,3330
343,1855,0.5,32,,,YES,267,N,1161,3933
344,946,1.4,26,,,YES,273,N,891,1637
345,730,1.5,,,,YES,1371,N,1677,2787
346,1027,0.8,,,,YES,338,N,534,1234
347,1157,0.8,,,,YES,1694,N,1798,2885
348,1859,0.5,,,,NO,1004,N,1654,1067
349,725,1.3,,,,NO,1134,N,1249,1326
350,1723,1.1,42,,,NO,202,N,1791,3587
351,1484,3,12,,,NO,916,S,969,1457
352,1502,1.2,54,,,NO,65,S,588,3693
353,596,1.4,46,,,NO,953,S,984,
354,640,0.6,20,,,NO,710,S,1179,2844
355,1937,1.7,58,,,NO,1728,S,1767,3321
356,1117,0.5,12,,,NO,798,S,817,2895
357,914,0.9,4,,,NO,191,S,1495,808
358,1128,1.4,53,,,NO,609,S,1370,2982
359,1225,2.4,15,,,NO,840,S,982,1970
360,1059,2.4,61,,,NO,1613,S,1916,3716
361,726,2.9,43,,,NO,666,S,760,1446
362,1519,2.1,32,,,NO,168,S,1239,2912
363,1170,1.2,30,,,NO,27,S,1722,1073
364,1536,0.8,13,,,NO,22,S,1634,2020
365,675,2.4,42,,,NO,482,S,874,2953
366,1822,1.2,8,,,NO,172,S,910,2577
367,798,2.4,4,,,NO,526,S,643,2965
368,1224,1.6,33,,,NO,522,S,563,3796
369,623,2,6,,,NO,144,S,672,3657
370,1497,0.7,32,,,NO,1920,S,1933,1329
371,1549,0.5,8,,,NO,721,S,1514,1998
372,989,2,17,,,NO,256,S,1394,3892
373,1589,2.6,46,,,NO,618,S,940,2373
374,1175,1.3,19,,,NO,873,S,1394,1944
375,1095,0.5,45,,,NO,179,S,1247,560
376,1189,2.3,8,,,NO,379,S,932,893
377,1344,1.5,14,,,NO,419,S,556,2074
378,831,2.4,55,,,NO,172,S,1239,1075
379,1923,1.3,24,,,NO,874,S,1264,2479
380,1193,3,56,,,NO,674,S,864,2394
381,1300,0.5,62,,,NO,219,S,1037,874
382,718,2.8,59,,,NO,1185,S,1387,1824
383,1528,2.4,37,,,NO,306,S,564,733
384,987,2.3,17,,,NO,887,S,1274,3885
385,1972,2.9,14,,,NO,293,S,952,1316
386,1998,1.2,31,,,NO,50,S,1356,2311
387,1021,1.3,9,,,NO,901,S,1793,1355
388,1811,2.9,33,,,NO,1099,S,1553,2610
389,1987,1.9,50,,,NO,960,S,1925,857
390,1796,2.3,44,,,NO,1024,S,1363,3577
391,1150,2.7,39,,,NO,397,S,800,999
392,603,1.5,12,,,NO,1003,S,1284,1543
393,1063,1.5,3,,,NO,394,S,849,1919
394,733,0.8,16,,,NO,202,S,1787,2648
395,1110,0.6,42,,,NO,1179,S,1262,456
396,1604,1.2,6,,,NO,68,S,1042,3564
397,502,0.8,52,,,NO,281,S,1159,2666
398,1902,0.5,13,,,NO,766,S,877,940
399,1125,2.7,23,,,NO,774,S,939,1641
400,1002,1.8,45,,,NO,948,S,1007,1234
401,1699,0.5,21,,,NO,105,S,1099,1181
402,1207,0.5,58,,,NO,406,S,681,503
403,1615,2.8,9,,,NO,542,S,678,2948
404,955,0.5,2,,,NO,428,S,1254,1974
405,1913,1.8,29,,,NO,675,S,742,2023
406,858,2.2,50,,,NO,528,S,1416,3978
407,775,1,46,,,YES,862,S,1864,568
408,1568,0.5,33,,,YES,413,S,654,508
409,1038,1.2,43,,,YES,4,S,638,3709
410,1137,1,7,,,YES,942,S,1179,3616
411,1775,1.5,41,,,YES,1633,S,1869,2343
412,645,0.5,41,,,YES,327,S,580,2962
413,609,0.5,26,,,YES,938,S,1948,1866
414,1799,0.5,49,,,YES,632,S,1383,720
415,1918,1.9,10,,,YES,1170,S,1543,1717
416,1220,2.9,62,,,YES,403,S,1933,2589
417,1995,1.9,9,,,YES,1830,S,1963,1203
418,1348,2,52,,,YES,1869,S,1942,955
419,1482,0.5,48,,,YES,634,S,642,2971
420,1654,1.8,11,,,YES,1184,S,1719,1070
421,932,1.3,64,,,YES,1176,S,1224,3817
422,1512,1.7,6,,,YES,205,S,884,2335
423,1433,1.6,4,,,YES,281,S,799,258
424,1122,1.2,2,,,YES,331,S,790,3291
425,1579,1.5,27,,,YES,831,S,1484,1713
426,1066,1.6,39,,,YES,401,S,1586,2728
427,1661,1.4,29,,,YES,536,S,861,591
428,1780,0.5,27,,,YES,1331,S,1463,2776
429,1185,1.9,31,,,YES,837,S,1642,2447
430,561,1,11,,,YES,492,S,1176,3421
431,701,0.7,15,,,YES,1002,S,1256,1756
432,1519,2.9,30,,,YES,1122,S,1702,2440
433,1892,0.7,47,,,YES,1399,S,1564,2172
434,1422,1,3,,,YES,1,S,926,509
435,1444,0.6,48,,,YES,1092,S,1554,2540
436,959,1.7,13,,,YES,87,S,736,3328
437,559,0.5,11,,,YES,541,S,823,2019
438,818,1.3,43,,,YES,111,S,510,546
439,1576,2.6,58,,,YES,400,S,631,336
440,1809,0.5,23,,,YES,433,S,1661,2784
441,688,1.5,2,,,YES,271,S,869,391
442,741,1.5,14,,,YES,334,S,594,1886
443,514,0.7,57,,,YES,168,S,1320,687
444,1266,2.6,18,,,YES,1187,S,1595,398
445,1910,1.4,29,,,YES,333,S,639,2944
446,1100,1.6,15,,,YES,919,S,1344,757
447,708,1.9,26,,,YES,206,S,620,1419
448,1177,0.9,11,,,YES,945,S,1923,1887
449,1263,2,5,,,YES,954,S,1609,1958
450,1237,0.5,27,,,YES,274,S,603,2454
451,1083,1,52,,,YES,925,S,1469,681
452,1928,2.6,5,,,YES,229,S,1004,696
453,712,0.5,27,,,YES,1245,S,1309,2001
454,948,2.3,22,,,YES,257,S,1654,3499
455,908,2.1,44,,,YES,154,S,941,3518
456,1638,1,2,,,YES,440,S,563,2299
457,761,0.5,3,,,YES,1325,S,1945,2248
458,881,1,64,,,YES,115,S,636,2110
459,1162,1,50,,,YES,332,S,866,1404
460,1317,1.5,12,,,YES,431,S,542,425
461,940,2.9,16,,,YES,499,S,1090,2192
462,848,2.8,8,,,YES,7,S,1294,436
463,1232,1.2,30,,,YES,625,S,761,1656
464,1982,1.1,24,,,YES,764,S,1873,3511
465,1136,1.6,32,,,YES,961,S,1030,3210
466,1565,0.5,38,,,YES,781,S,1364,308
467,1576,2.2,5,,,YES,258,S,789,3904
468,504,1,14,,,YES,881,S,1129,1607
469,1961,1.5,55,,,YES,861,S,1888,2355
470,936,1,18,,,YES,1330,S,1686,2391
471,1830,0.5,14,,,YES,773,S,1353,1905
472,1327,2.8,23,,,YES,441,S,1721,872
473,1589,0.6,5,,,YES,776,S,1397,3430
474,1753,0.7,40,,,YES,1652,S,1983,1112
475,1201,0.5,10,,,YES,306,S,558,495
476,1829,2.1,59,,,YES,1457,S,1919,3142
477,1467,0.5,18,,,YES,888,S,1099,3962
478,1131,0.5,49,,,NO,658,S,878,1835
479,772,1.1,39,,,NO,1314,S,1854,2819
480,560,0.5,50,,,NO,1448,S,1613,2150
481,605,1,9,,,NO,160,N,1026,392
482,1665,0.5,60,,,NO,1572,N,1684,1601
483,1883,0.5,10,,,NO,836,N,1739,2600
484,1166,2,25,,,NO,59,N,1203,2488
485,506,1.6,41,,,NO,875,N,1025,2965
486,1692,2.1,61,,,NO,975,N,1996,1354
487,748,1.7,27,,,NO,450,N,1554,2126
488,1572,0.6,58,,,NO,1109,N,1937,2462
489,703,2.7,30,,,NO,218,N,1065,1472
490,1266,0.5,5,,,NO,1365,N,1698,1687
491,822,0.5,51,,,NO,667,N,860,3846
492,1891,2.8,37,,,NO,169,N,1108,3704
493,973,1.5,57,,,NO,457,N,1816,2977
494,1431,0.5,56,,,NO,156,N,952,461
495,1733,2.8,36,,,NO,357,N,527,3576
496,1172,1.9,27,,,NO,607,N,1092,1477
497,1162,2,56,,,NO,56,N,997,1652
498,1177,0.9,29,,,NO,178,N,882,311
499,508,0.8,42,,,NO,39,N,557,663
500,654,1.3,52,,,NO,1715,N,1898,1036
501,869,1,57,,,NO,1243,N,1584,2727
502,1182,0.5,8,,,NO,275,N,986,2563
503,1334,2.4,42,,,NO,1187,N,1974,2542
504,625,1.9,33,,,NO,431,N,550,3801
505,1880,1.8,18,,,NO,71,N,699,3333
506,1138,1.4,44,,,NO,111,N,1138,3475
507,1503,0.7,43,,,NO,841,N,1304,2122
508,1589,2.5,51,,,NO,810,N,1743,2612
509,1583,1.6,42,,,NO,275,N,862,3652
510,1128,1.1,46,,,NO,751,N,1582,1434
511,1552,1.2,53,,,NO,430,N,658,2606
512,1758,0.5,13,,,NO,762,N,1864,1897
513,1137,2.2,3,,,NO,1250,N,1285,316
514,1835,2.3,11,,,NO,385,N,583,448
515,1993,0.5,27,,,NO,150,N,510,2437
516,1715,1.9,3,,,NO,79,N,1652,514
517,723,0.5,3,,,NO,920,N,1748,1851
518,1027,0.5,64,,,NO,1698,N,1747,3786
519,658,2.7,12,,,NO,1156,N,1750,3587
520,986,1.5,23,,,NO,471,N,800,2385
521,1744,1,20,,,NO,68,N,718,1205
522,1702,2.3,52,,,NO,1397,N,1491,2501
523,550,0.5,23,,,NO,486,N,1930,302
524,1042,2.2,11,,,NO,68,N,1018,2826
525,1592,2.1,50,,,NO,510,N,522,2103
526,1614,1.9,55,,,NO,860,N,1330,3914
527,1628,0.5,33,,,NO,412,N,643,3361
528,571,0.6,43,,,NO,224,N,783,2587
529,1068,1.3,52,,,NO,994,N,1500,1436
530,1498,0.7,8,,,NO,347,N,1076,3358
531,712,1.6,9,,,NO,881,N,1234,3612
532,904,1.8,35,,,NO,42,N,507,1360
533,1531,2,60,,,NO,625,N,765,2524
534,1048,1.5,29,,,NO,29,N,1670,2146
535,1861,0.9,55,,,NO,1698,N,1877,601
536,1345,3,38,,,NO,512,N,1465,1322
537,1778,0.5,23,,,NO,1028,N,1445,3941
538,1130,2.5,58,,,NO,88,N,1261,1018
539,606,2.5,53,,,NO,465,N,1152,1223
540,1869,2.6,30,,,NO,163,N,874,1375
541,605,1.5,18,,,NO,329,N,656,2301
542,1709,0.8,58,,,NO,956,N,1292,1781
543,846,2.6,58,,,NO,1140,N,1983,2248
544,1154,2,35,,,NO,1003,N,1827,3262
545,1871,2.1,41,,,NO,275,N,1966,2727
546,1285,2.4,51,,,NO,475,N,500,2094
547,1744,2.8,62,,,NO,621,N,1558,345
548,894,0.7,58,,,NO,158,N,747,3305
549,1487,0.5,57,,,NO,140,N,768,2563
550,1426,2.5,55,,,NO,777,N,1032,2562
551,676,2.2,39,,,NO,864,N,1011,2064
552,1824,0.8,19,,,NO,1055,N,1738,2381
553,1426,1.6,12,,,NO,1573,N,1694,1277
554,991,2,12,,,NO,1209,N,1678,2014
555,1724,1.8,9,,,NO,655,N,828,3056
556,1644,2.8,44,,,NO,358,N,791,2360
557,664,1.5,6,,,NO,1076,N,1472,3774
558,1142,1.1,6,,,NO,739,N,1766,1273
559,1901,0.5,41,,,NO,3,N,1662,368
560,1988,0.5,16,,,NO,153,N,696,3144
561,1469,0.5,58,,,NO,1699,N,1850,1571
562,1708,0.8,14,,,NO,263,N,1345,1247
563,1414,0.5,15,,,NO,294,N,1233,1069
564,1924,0.5,63,,,NO,122,N,686,3423
565,1726,1.9,42,,,NO,1221,N,1804,1868
566,672,0.5,35,,,NO,574,N,1267,1403
567,1352,2.4,6,,,NO,629,N,1299,1309
568,630,2,14,,,NO,66,N,1448,1212
569,599,2.9,64,,,NO,103,N,646,3396
570,867,1.5,57,,,NO,289,N,724,2157
571,1368,0.5,42,,,NO,907,N,925,1590
572,1517,2.5,8,,,NO,570,N,1645,2738
573,963,0.5,60,,,NO,742,N,821,2722
574,671,2.9,2,,,NO,614,N,1617,2278
575,1110,1.5,12,,,NO,961,N,1950,624
576,1897,1.9,54,,,NO,630,N,738,412
577,1864,2.2,7,,,NO,225,N,1545,2258
578,1000,2.7,58,,,NO,461,N,833,862
579,1208,2.9,16,,,NO,691,N,1028,2201
580,1003,2.9,16,,,NO,190,N,1905,1798
581,1487,1.5,42,,,NO,857,N,989,2003
582,854,1,17,,,NO,730,N,1148,3115
583,1521,1.6,62,,,NO,678,N,1630,3555
584,1958,0.5,52,,,NO,1524,N,1848,3064
585,1922,0.5,42,,,NO,725,N,1882,3564
586,1831,2.3,44,,,NO,437,N,1113,2460
587,753,0.5,48,,,NO,606,N,1316,3484
588,574,3,30,,,NO,94,N,1334,1167
589,636,0.5,28,,,NO,148,N,742,2927
590,1830,1,47,,,NO,1191,N,1882,3362
591,1494,1.9,47,,,NO,207,N,1177,3202
592,713,1.6,63,,,NO,103,N,1760,2082
593,665,0.7,31,,,NO,496,N,1804,690
594,623,0.8,26,,,NO,484,N,1238,1769
595,616,2.2,21,,,NO,347,N,513,3267
596,648,1.8,60,,,NO,931,N,1811,819
597,914,0.7,60,,,NO,740,N,840,3736
598,1179,0.5,32,,,NO,85,N,1451,340
599,1619,1.9,21,,,NO,46,N,562,1641
600,1494,1.6,45,,,NO,449,N,790,3208
601,759,2.5,39,,,NO,110,N,1317,968
602,1176,2.1,62,,,NO,674,N,1455,1534
603,1588,2.5,4,,,NO,146,N,822,2506
604,1279,2.5,7,,,NO,560,N,1633,1150
605,1191,0.8,46,,,NO,42,N,807,824
606,1483,2.2,53,,,NO,291,N,651,1744
607,1614,1.2,9,,,NO,173,N,1219,1832
608,1617,2.4,36,,,NO,743,N,1426,296
609,1821,1.7,10,,,YES,381,N,1018,3220
610,1866,0.5,52,,,YES,356,N,563,373
611,838,0.5,13,,,YES,984,N,1850,3554
612,1407,2.4,22,,,YES,1172,N,1217,2192
613,879,2.5,14,,,YES,403,N,1105,349
614,1732,1.1,12,,,YES,824,N,881,1308
615,1804,0.5,22,,,YES,1158,N,1244,3472
616,637,2.3,60,,,YES,1125,N,1989,374
617,1308,1.9,61,,,YES,59,N,1215,3355
618,1703,0.5,22,,,YES,286,N,1235,1046
619,1087,1.3,16,,,YES,295,N,589,690
620,1886,0.5,24,,,YES,809,N,1958,1179
621,538,0.8,2,,,YES,235,N,662,417
622,1839,1.2,54,,,YES,475,N,1493,927
623,659,2.7,6,,,YES,1054,N,1929,2044
624,768,0.9,56,,,YES,418,N,515,952
625,1170,0.9,14,,,YES,474,N,709,715
626,1698,2.1,18,,,YES,363,N,994,796
627,1867,2.3,9,,,YES,712,N,1442,990
628,667,0.6,3,,,YES,13,N,1463,2855
629,609,3,44,,,YES,58,N,1253,2581
630,1187,2.2,46,,,YES,1173,N,1814,3917
631,1809,1.7,59,,,YES,639,N,721,2324
632,1504,1.5,34,,,YES,507,N,973,2806
633,755,2.8,51,,,YES,315,N,990,2734
634,1755,1.3,24,,,YES,286,N,1075,3937
635,1048,0.9,28,,,YES,966,N,1975,1458
636,1421,2.8,57,,,YES,781,N,1657,2775
637,972,1.7,54,,,YES,681,N,1050,1900
638,1417,2.7,56,,,YES,494,N,1649,590
639,1476,0.5,43,,,YES,1789,N,1972,3644
640,1773,2.5,32,,,YES,1215,N,1472,3566
641,1417,0.5,45,,,YES,364,N,1029,2129
642,1589,1.4,26,,,YES,1673,N,1759,3970
643,1164,1,19,,,YES,729,N,1704,3309
644,1658,1.4,39,,,YES,410,N,522,3483
645,1919,1.5,48,,,YES,304,N,1191,1391
646,501,2.3,54,,,YES,504,N,1089,2346
647,1063,1.1,26,,,YES,1208,N,1232,3809
648,966,0.6,50,,,YES,1446,N,1754,2574
649,706,0.5,31,,,YES,543,N,938,2419
650,1403,2.7,26,,,YES,461,N,1251,3371
651,1648,0.5,17,,,YES,1119,N,1238,1184
652,1996,2.5,51,,,YES,671,N,1445,2236
653,1849,2.3,15,,,YES,606,N,1123,3447
654,576,0.8,27,,,YES,757,N,1518,1519
655,1160,1.1,63,,,YES,762,N,859,595
656,1520,0.5,24,,,YES,109,N,1909,3233
657,1800,0.7,8,,,YES,400,N,823,3481
658,1439,0.9,20,,,YES,626,N,932,1790
659,1852,1.4,10,,,YES,580,N,1163,3970
660,1829,0.5,15,,,YES,729,N,1267,2080
661,1065,0.5,14,,,YES,188,N,928,3078
662,1698,2.5,26,,,YES,485,N,1819,1656
663,899,2.7,53,,,YES,641,N,1638,2870
664,1558,2.4,27,,,YES,120,N,1409,3598
665,894,0.9,54,,,YES,104,N,541,2829
666,1382,0.5,13,,,YES,612,N,719,2073
667,922,0.7,47,,,YES,1295,N,1808,1464
668,892,0.5,47,,,YES,655,N,1782,1241
669,1963,1,34,,,YES,1136,N,1813,714
670,536,1.4,,,,YES,547,N,705,1211
671,551,2.8,,,,YES,169,N,1916,1414
672,1727,2.1,,,,YES,1463,N,1992,2457
673,623,0.9,3,,,YES,1749,N,1781,3537
674,587,2.5,51,,,YES,244,N,1361,2746
675,831,0.7,62,,,YES,1482,N,1490,2573
676,727,1.5,32,,,YES,813,N,1377,1891
677,696,2.4,35,,,YES,533,N,797,2022
678,1097,0.8,21,,,YES,1277,N,1352,2219
679,622,0.7,9,,,YES,98,N,511,3916
680,1136,0.5,9,,,YES,1307,N,1767,2110
681,1030,0.5,37,,,YES,503,N,551,2800
682,989,0.7,51,,,YES,670,N,804,2349
683,1451,0.5,57,,,YES,812,N,1456,3038
684,1935,0.5,29,,,YES,806,N,860,455
685,1039,0.6,6,,,YES,62,N,544,3212
686,1433,2.3,27,,,YES,1619,N,1651,3900
687,1020,1.5,7,,,YES,870,N,1613,1142
688,1602,2.7,46,,,YES,273,N,1062,1862
689,1278,1.2,60,,,YES,1244,N,1504,3142
690,1365,0.6,31,,,YES,293,N,970,1300
691,1426,0.8,42,,,YES,715,N,1163,1356
692,1433,2.3,5,,,YES,420,N,784,2132
693,1924,2.6,59,,,YES,1438,N,1923,3646
694,950,0.5,55,,,YES,86,N,1681,1305
695,1328,0.5,27,,,YES,602,N,1156,2674
696,1392,2.5,44,,,YES,482,N,1098,1280
697,1425,0.6,33,,,YES,396,N,1648,3771
698,1576,2,20,,,YES,410,N,1551,1379
699,520,2.3,31,,,YES,264,N,519,2753
700,595,2.6,20,,,YES,623,N,816,1593
701,1028,2.8,30,,,YES,1801,N,1923,1424
702,1908,0.5,30,,,YES,140,N,1046,2944
703,1280,1.3,39,,,YES,356,N,588,2335
704,1872,0.5,26,,,YES,672,N,1088,2273
705,1062,0.5,39,,,YES,571,N,817,1345
706,1843,2.8,62,,,YES,21,N,832,3899
707,1713,2,5,,,YES,108,N,1963,1513
708,645,2.5,63,,,YES,278,N,584,3615
709,1379,1.5,9,,,YES,98,N,755,1693
710,614,0.7,51,,,YES,1012,N,1040,2854
711,673,1.9,35,,,YES,1096,N,1570,3541
712,1890,1.1,48,,,YES,1438,N,1832,2392
713,1934,2.7,2,,,YES,242,N,1127,2190
714,926,0.8,59,,,YES,84,N,793,256
715,1261,0.5,52,,,YES,605,N,1429,1365
716,1944,0.5,26,,,YES,313,N,712,2322
717,1811,2,22,,,YES,358,N,614,2847
718,1514,1.4,12,,,YES,306,N,538,1037
719,958,1.6,60,,,YES,730,N,751,1417
720,1110,1.5,41,,,YES,800,N,1455,2572
721,1792,1,62,,,YES,1626,N,1913,2563
722,1077,2.5,49,,,YES,334,N,1079,3454
723,1720,1.6,2,,,YES,334,N,896,2522
724,1544,2.4,12,,,YES,470,N,844,489
725,1090,2.3,8,,,YES,1217,N,1670,3839
726,1318,2.4,45,,,YES,183,N,661,755
727,732,1.3,32,,,YES,1661,N,1836,3883
728,509,0.6,9,,,NO,1137,N,1224,513
729,1602,2.8,38,,,NO,466,N,788,1037
730,503,1.2,8,,,NO,201,N,1245,
731,1821,1.2,44,,,NO,1208,S,1212,1411
732,956,0.5,41,,,NO,511,S,1075,
733,1646,2.3,41,,,NO,1725,S,1932,3339
734,1656,1,34,,,NO,880,S,1456,1629
735,1195,2.8,20,,,NO,1580,S,1652,504
736,1358,0.5,36,,,NO,1565,S,1858,3068
737,1114,2.8,9,,,NO,1040,S,1071,907
738,1355,2.3,23,,,NO,651,S,891,880
739,1084,2.6,40,,,NO,322,S,771,1945
740,1571,1.4,19,,,NO,713,S,1398,666
741,1678,2.1,64,,,NO,436,S,536,278
742,1485,1,32,,,NO,510,S,1013,2147
743,1854,3,8,,,NO,506,S,627,1886
744,1905,0.5,6,,,NO,849,S,898,1545
745,1526,2.1,23,,,NO,718,S,751,2227
746,1827,1.7,39,,,NO,55,S,1020,2844
747,528,1.7,6,,,NO,574,S,637,3256
748,1523,1.8,11,,,NO,148,S,1606,707
749,1273,1,48,,,NO,490,S,886,1767
750,1876,0.5,40,,,NO,546,S,1564,2513
751,1066,0.6,7,,,NO,1242,S,1571,468
752,1563,2.4,24,,,NO,142,S,1699,3660
753,1956,2.2,37,,,NO,185,S,776,1109
754,645,1.2,41,,,NO,741,S,1130,714
755,1648,0.7,64,,,NO,1153,S,1876,610
756,668,2.3,48,,,NO,195,S,1292,1201
757,1391,1.4,36,,,NO,14,S,1256,3139
758,1610,2.9,64,,,NO,1236,S,1280,941
759,1483,2.1,54,,,NO,531,S,758,1851
760,853,2,3,,,NO,674,S,740,3701
761,1991,2.7,64,,,NO,1058,S,1325,1733
762,1289,0.9,25,,,NO,765,S,899,1043
763,1747,0.9,48,,,NO,947,S,1131,2362
764,513,0.5,44,,,NO,619,S,867,1343
765,765,2.9,18,,,NO,6,S,793,1066
766,932,0.5,60,,,NO,268,S,1078,1459
767,1588,0.5,61,,,NO,1064,S,1594,3272
768,1697,0.7,34,,,NO,236,S,1264,3701
769,687,1.3,50,,,NO,584,S,1151,3416
770,1076,2.6,38,,,NO,129,S,915,891
771,1544,2.3,45,,,NO,236,S,857,1300
772,1701,0.5,46,,,NO,364,S,828,3717
773,1395,2.8,55,,,NO,782,S,1787,3373
774,1975,1.5,16,,,NO,80,S,655,2998
775,1944,0.5,36,,,NO,1060,S,1970,584
776,946,2.1,19,,,NO,159,S,630,2104
777,1063,2.5,31,,,NO,295,S,935,961
778,1762,2.5,15,,,NO,1103,S,1364,2183
779,1926,1.1,50,,,NO,371,S,1000,3809
780,1623,1.2,61,,,NO,1568,S,1832,1510
781,1260,0.6,13,,,NO,165,S,736,2710
782,1694,0.6,34,,,NO,377,S,549,2298
783,535,1.5,48,,,NO,290,S,811,740
784,1591,2.2,49,,,NO,1384,S,1883,3703
785,1640,0.7,21,,,NO,589,S,1301,337
786,984,0.5,42,,,NO,1036,S,1611,898
787,1159,2.8,18,,,NO,681,S,723,2246
788,733,2.1,7,,,NO,445,S,1409,1403
789,1911,2,64,,,NO,1795,S,1958,3872
790,1760,1.9,50,,,NO,273,S,1704,2549
791,774,2.8,55,,,NO,8,S,896,3916
792,1442,2.2,56,,,NO,1626,S,1668,1513
793,1387,0.5,61,,,NO,785,S,1151,629
794,1286,2.3,16,,,NO,18,S,662,424
795,840,0.6,63,,,NO,987,S,1081,3486
796,1413,0.6,13,,,NO,1323,S,1481,515
797,1187,2.3,21,,,NO,215,S,1125,2547
798,878,1.3,31,,,NO,575,S,618,3497
799,1181,2.3,61,,,NO,385,S,831,2020
800,1485,2.8,44,,,NO,341,S,774,3271
801,1061,2.1,52,,,NO,138,S,1330,999
802,832,1.1,46,,,NO,820,S,1366,3317
803,1631,0.5,13,,,NO,960,S,1735,2173
804,633,1.4,46,,,NO,709,S,1915,1401
805,1330,0.9,52,,,NO,462,S,1304,3269
806,957,0.7,4,,,NO,38,S,1682,1898
807,980,0.5,33,,,NO,1008,S,1758,2268
808,1703,0.5,23,,,NO,134,S,521,793
809,1342,1,31,,,NO,991,S,1638,2746
810,1697,0.5,60,,,NO,88,S,1046,441
811,1268,2.9,42,,,NO,360,S,912,931
812,1880,0.5,7,,,NO,890,S,1019,2968
813,1895,0.5,5,,,NO,725,S,1335,774
814,864,2.5,24,,,NO,1362,S,1378,3964
815,1515,2.6,56,,,NO,1438,S,1593,262
816,1597,0.9,4,,,NO,880,S,1145,2130
817,534,2.5,21,,,NO,347,S,1477,2706
818,917,0.5,31,,,NO,423,S,909,3424
819,1370,1.4,6,,,NO,1392,S,1783,3703
820,584,1.8,19,,,NO,1123,S,1622,465
821,1325,0.5,13,,,NO,1353,S,1915,3707
822,951,0.5,15,,,NO,854,S,935,1083
823,1759,1.4,15,,,NO,382,S,1163,2107
824,1333,1.4,59,,,NO,394,S,1301,3442
825,915,2,31,,,NO,875,S,1316,378
826,1134,0.9,13,,,NO,18,S,903,3632
827,1201,0.5,10,,,NO,1151,S,1723,726
828,541,1,10,,,NO,1836,S,1873,1019
829,1254,2.3,44,,,NO,204,S,1021,3011
830,1834,2.1,40,,,NO,0,S,1987,3692
831,1472,3,20,,,NO,443,S,892,797
832,1868,0.5,40,,,NO,576,S,884,298
833,834,0.5,27,,,NO,1421,S,1463,1591
834,642,0.5,38,,,NO,887,S,1775,435
835,600,1.8,6,,,NO,486,S,1032,3495
836,1660,0.5,15,,,NO,440,S,569,2424
837,1772,1.6,45,,,NO,837,S,1405,1146
838,1494,2.4,3,,,NO,944,S,1003,1208
839,964,2,22,,,NO,225,S,1234,2577
840,1093,0.5,31,,,NO,1310,S,1420,1646
841,1057,2.7,41,,,NO,397,S,891,2033
842,841,0.5,11,,,NO,125,S,675,957
843,1194,2.3,34,,,NO,494,S,509,313
844,986,0.8,28,,,NO,199,S,679,1149
845,1768,2,2,,,NO,1303,S,1814,3256
846,1967,0.5,46,,,NO,518,S,1374,1567
847,916,0.5,47,,,NO,1147,S,1393,1659
848,1698,2.8,7,,,NO,26,S,508,2992
849,1248,2.4,9,,,NO,71,S,1686,2454
850,1564,1.4,26,,,NO,117,S,1115,3742
851,987,1.9,52,,,NO,419,S,736,2757
852,618,1.1,45,,,NO,1175,S,1586,2339
853,936,2.3,57,,,NO,657,S,938,2049
854,1329,1.7,23,,,NO,380,S,682,2308
855,1762,0.6,26,,,NO,525,S,704,2661
856,649,1.4,,,,NO,344,S,1551,739
857,1646,2.5,,,,NO,211,S,1608,686
858,1745,2.9,,,,NO,426,S,1629,1308
859,1799,1,30,,,NO,617,S,1386,445
860,695,1.2,41,,,NO,789,S,1211,2282
861,1122,0.5,40,,,NO,675,S,1163,1456
862,897,2,2,,,NO,0,S,994,1958
863,1600,0.5,16,,,NO,1315,S,1710,2073
864,1788,0.5,6,,,NO,149,S,1022,2321
865,618,1,13,,,NO,591,S,724,1424
866,1882,2,44,,,NO,4,S,743,3579
867,1520,2.2,33,,,YES,151,S,1005,3826
868,1319,0.9,41,,,YES,85,S,1152,2227
869,799,2.3,63,,,YES,361,S,975,431
870,1720,2,55,,,YES,753,S,1353,2148
871,1900,2.3,18,,,YES,1055,S,1661,2871
872,1379,1.1,36,,,YES,538,S,1376,3426
873,1564,2.3,25,,,YES,1259,S,1965,1496
874,1537,2.5,43,,,YES,839,S,1131,3685
875,843,0.5,56,,,YES,140,S,800,2341
876,1224,0.5,6,,,YES,747,S,826,506
877,1126,2.4,10,,,YES,1223,S,1611,2050
878,1523,2.4,57,,,YES,247,S,539,3971
879,1987,0.5,53,,,YES,1052,S,1516,3117
880,1336,0.9,17,,,YES,55,S,583,1869
881,660,0.5,40,,,YES,262,S,1178,588
882,1634,1.4,17,,,YES,964,S,1677,3031
883,633,2.2,49,,,YES,529,S,1009,3560
884,601,1.4,4,,,YES,356,S,765,532
885,1992,1.6,57,,,YES,1552,S,1596,606
886,1662,0.5,61,,,YES,32,S,1509,3760
887,1517,0.5,48,,,YES,802,S,1489,2822
888,1723,1,7,,,YES,384,S,1361,1213
889,1560,2.3,22,,,YES,745,S,1364,1938
890,576,2.8,10,,,YES,513,S,1438,2938
891,1864,1.4,46,,,YES,168,S,981,2686
892,1011,1.1,36,,,YES,481,S,749,2261
893,1375,1.1,9,,,YES,475,S,726,3869
894,1552,2.2,13,,,YES,269,S,1026,2403
895,1582,2.8,44,,,YES,1486,S,1797,3890
896,1197,1.3,20,,,YES,649,S,1629,1797
897,1277,3,41,,,YES,902,S,1090,429
898,1138,1.1,48,,,YES,233,S,1777,2048
899,1889,2.8,31,,,YES,170,S,1106,3672
900,1438,2.2,32,,,YES,683,S,1663,869
901,1039,1.3,12,,,YES,1428,S,1827,1619
902,1928,1.8,19,,,YES,691,S,1580,3777
903,1821,0.9,12,,,YES,97,S,1803,2430
904,577,2.4,37,,,YES,1087,S,1450,814
905,707,0.5,16,,,YES,1027,S,1508,1853
906,767,1.9,19,,,YES,271,S,1000,2445
907,641,1.1,7,,,YES,417,S,759,3595
908,1454,1.6,21,,,YES,186,S,1100,719
909,1512,0.5,18,,,YES,1079,S,1897,3607
910,704,2.7,29,,,YES,1108,S,1509,1122
911,1871,2,20,,,YES,88,S,1682,2144
912,1212,2.6,46,,,YES,611,S,1715,2249
913,1897,3,21,,,YES,1311,S,1935,273
914,914,0.5,26,,,YES,706,S,721,1122
915,1527,2.7,60,,,YES,526,S,1116,2078
916,705,0.5,57,,,YES,1114,S,1374,1509
917,545,0.5,11,,,YES,381,S,1452,616
918,558,2.8,49,,,YES,997,S,1605,392
919,1786,0.5,58,,,YES,231,S,1671,2764
920,1501,1.1,2,,,YES,198,S,1056,2487
921,1312,1.3,10,,,YES,95,S,893,3941
922,1593,1,52,,,YES,761,S,1336,1354
923,1965,0.5,4,,,YES,977,S,1660,3535
924,966,2,34,,,YES,214,S,1523,3534
925,767,0.8,10,,,YES,517,S,1995,2317
926,1425,1.2,35,,,YES,150,S,1897,590
927,1236,2.8,32,,,YES,492,S,1403,942
928,1112,0.5,12,,,YES,777,S,1119,3302
929,1254,1.7,45,,,YES,1571,S,1956,606
930,862,2.3,6,,,YES,829,S,1977,3458
931,1688,2.5,21,,,YES,650,S,864,3984
932,594,0.8,28,,,YES,1011,S,1263,3087
933,1221,0.5,28,,,YES,1895,S,1976,2438
934,1099,0.5,61,,,YES,393,S,1096,1699
935,1753,1.2,12,,,YES,387,S,1595,1445
936,1104,1.7,60,,,YES,653,S,1413,1229
937,1154,0.5,14,,,YES,251,S,1801,587
938,864,1.7,35,,,YES,663,S,1805,1904
939,643,1,18,,,YES,442,S,1079,2648
940,518,2.4,62,,,YES,489,S,710,2514
941,1741,0.5,55,,,YES,719,S,755,2575
942,1537,2.9,46,,,YES,686,S,1305,2857
943,1159,2.7,28,,,YES,378,S,751,2495
944,763,0.5,51,,,YES,273,S,1278,2865
945,709,1.9,,,,YES,570,S,1422,467
946,1314,2.2,40,,,YES,328,S,1858,3033
947,713,1.6,2,,,YES,1211,S,1378,485
948,514,1.6,37,,,YES,956,S,1723,3392
949,578,0.5,62,,,YES,626,S,1134,2977
950,1558,2.5,32,,,YES,322,S,1385,878
951,1221,2.3,,,,YES,765,S,1899,2638
952,1180,1.2,50,,,YES,925,S,1252,1464
953,609,0.5,10,,,YES,113,S,1524,1905
954,589,0.5,,,,YES,759,S,1858,362
955,1538,2.3,13,,,YES,567,S,986,1494
956,1965,0.5,29,,,YES,584,S,676,2973
957,1811,2.5,5,,,YES,447,S,568,2700
958,947,0.5,51,,,YES,193,S,887,2915
959,1321,1.3,63,,,YES,817,S,941,1464
960,539,1.5,26,,,YES,1123,S,1709,3948
961,1617,1.5,63,,,YES,274,S,1079,2754
962,1303,2.1,10,,,YES,1335,S,1873,2219
963,659,2.2,24,,,YES,924,S,1877,3925
964,1180,2.5,,,,YES,168,S,540,348
965,1249,0.5,,,,YES,605,S,1193,531
966,832,0.5,,,,YES,343,S,1431,1666
967,776,1.7,,,,YES,991,S,1803,
968,726,2.2,,,,YES,323,S,978,1342
969,1650,2.3,38,,,YES,773,S,881,324
970,1253,0.7,34,,,YES,161,S,647,3518
971,586,0.6,42,,,YES,785,S,1118,1869
972,1254,1.2,27,,,YES,1288,S,1372,817
973,1793,2.7,44,,,YES,655,S,1459,2803
974,1086,2.7,24,,,YES,1874,S,1976,3930
975,855,0.5,59,,,YES,1028,S,1196,1875
976,1146,3,57,,,YES,73,S,583,291
977,695,0.5,12,,,YES,1649,S,1829,2855
978,742,0.5,36,,,YES,1161,S,1288,292
979,1044,1.8,12,,,YES,1230,S,1263,1794
980,581,0.6,56,,,YES,523,S,565,354
981,1230,1.6,48,,,YES,1960,S,1963,1622
982,1250,1.5,20,,,YES,11,S,1020,3314
983,537,2,55,,,YES,1041,S,1430,2029
984,680,2.4,34,,,YES,686,S,1418,3845
985,1692,2.1,2,,,YES,1899,S,1904,3779
986,1715,1.3,12,,,YES,1224,S,1676,1633
987,1660,0.6,24,,,YES,223,S,1777,2402
988,1278,1,24,,,YES,1352,S,1775,3141
989,983,1.8,53,,,YES,1001,S,1176,1389
990,1991,2.8,15,,,YES,298,S,1037,1861
991,1982,1.6,,,,YES,287,S,593,1824
992,1023,0.7,,,,YES,367,S,1985,3155
993,1512,0.9,,,,YES,336,S,670,869
994,1021,0.5,,,,NO,905,S,1988,2631
995,563,0.5,41,,,NO,1263,S,1716,2603
996,595,0.9,23,,,NO,441,S,810,3752
997,1310,2.2,51,,,NO,178,S,1919,
998,1725,1.6,6,,2,NO,609,S,1307,3429
999,1253,0.5,5,,2,NO,685,S,714,1878
1000,1654,1.5,43,,2,NO,546,S,629,3112
